#CODE;ENGLISH;FRENCH;GERMAN;;SPANISH;;;;;;;;;x
EVTDESCslv.10;You own §G[Root.num_slaves.GetValue]§! Slaves\n;;;;;;;;;;;;;x
slave_manage;Manage Slaves;;;;;;;;;;;;;
TOOLTIPslv.11S;Sell §R1000§! Slaves for §G170-300§! Gold \n;;;;;;;;;;;;;
TOOLTIPslv.11B;Buy §G1000§! Slaves for §R120-300§! Gold \n;;;;;;;;;;;;;
RETTYPE_INF_UNSULLIED;Unsullied Legion;;;;;;;;;;;;;
TOOLTIPslv.12U;Buy §Y1000§! Unsullied for §R1400 - 2000§!;;;;;;;;;;;;;
EVTDESCslv.25;§R[Root.slave_diff.GetValue]§! Slaves where sold for §G[global_slave_sell_price.GetValue]§!¤\n You own §G[Root.num_slv.GetValue]§! Slaves\n;;;;;;;;;;;;;
TOOLTIPslv.25;§R[Root.slave_diff.GetValue]§! Slaves where sold for §G[global_slave_sell_price.GetValue]§!¤\n You own §G[Root.num_slv.GetValue]§! Slaves\n;;;;;;;;;;;;;
TOOLTIPslv.11W;§R You must wait until our traders are ready again§!;;;;;;;;;;;;;
EVTDESCslv.20;§Z[Root.slave_diff.GetValue]§! Slaves where bought for: §G[global_slave_buy_price.GetValue]§!¤\n\n You own §G[Root.num_slv.GetValue]§! Slaves\n;;;;;;;;;;;;;
TOOLTIPslv.20;§Z[Root.slave_diff.GetValue]§! Slaves where bought for: §G[global_slave_buy_trade.GetValue]§!¤\n\n You own §G[Root.num_slv.GetValue]§! Slaves\n;;;;;;;;;;;;;
TOOLTIPslv.12W;§R You must wait until the wise masters sell to us again§!;;;;;;;;;;;;;
TOOLTIPslv.12N;§R We can't accommodate the unsullied, build §!§Yunsullied barracks§! in your demnese.;;;;;;;;;;;;;
ca_slv_market;Slave Market;;;;;;;;;;;;;
ca_fight_pit;Fighting Pit;;;;;;;;;;;;;
ca_house_of_pleasure;House of Pleasure;;;;;;;;;;;;;
ct_slv_market;Slave Market;;;;;;;;;;;;;
ct_fight_pit;Fighting Pit;;;;;;;;;;;;;
ct_house_of_pleasure;House of Pleasure;;;;;;;;;;;;;
TOOLTIPslv.11D;You need at least 1000 slaves to sell;;;;;;;;;;;;;
EVTDESCslv_player.30;We have arranged a deal with the wise masters for §G1000§! Unsullied soldiers for §R[Root.temp_slave_price.GetValue] gold§!, if we refuse they might not want to make business with us for a while?;;;;;;;;;;;;;
EVTDESCslavery_player.10;We have arranged a deal for §G1000§! Slaves for §R[Root.temp_slave_price.GetValue] gold§!, if we refuse well have to wait until next season in 3 months.;;;;;;;;;;;;;
EVTDESCslavery_player.20;We have arranged a deal to sell §R1000§! Slaves for §G[Root.temp_slave_price.GetValue] gold§!, if we refuse well have to wait until next season in 3 months.;;;;;;;;;;;;;
num_slaves;Number of slaves;;;;;;;;;;;;;
slavery_modifier_base ;Minor Slave Labor;;;;;;;;;;;;;
slavery_modifier_1;Marginal Slave Labor;Travail servile marginal;;;;;;;;;;;;x
slavery_modifier_2;Small Slave Labor;;;;;;;;;;;;;
slavery_modifier_3;Limited Slave Labor;;;;;;;;;;;;;
slavery_modifier_4;Considerable Slave Labor;;;;;;;;;;;;;
slavery_modifier_5;Moderate Slave Labor;;;;;;;;;;;;;
slavery_modifier_6;Major Slave Labor;;;;;;;;;;;;;
slavery_modifier_7;Extensive Slave Labor;;;;;;;;;;;;;
slavery_modifier_8;Extensive Slave Labor;;;;;;;;;;;;;
slavery_modifier_9;Slave Economy;;;;;;;;;;;;;
slavery_modifier_10;Slave Economy;;;;;;;;;;;;;
slavery_modifier_1_desc;There are only a handful of slaves in your provinces, but enough to supplement the efforts of free laborers.;;;;;;;;;;;;;
slavery_modifier_2_desc;There are only a handful of slaves in your province, but enough to supplement the efforts of free laborers.;;;;;;;;;;;;;
slavery_modifier_3_desc;While still vastly outnumbered by free workers, slaves still provide a noticeable portion of this province's labor force.;;;;;;;;;;;;;
slavery_modifier_4_desc;While still vastly outnumbered by free workers, slaves still provide a noticeable portion of this province's labor force.;;;;;;;;;;;;;
slavery_modifier_5_desc;Your provinces has many slave camps, which provide a large enough labor force to form a viable alternative to free servants.;;;;;;;;;;;;;
slavery_modifier_6_desc;Your provinces has many slave camps, which provide a large enough labor force to form a viable alternative to free servants.;;;;;;;;;;;;;
slavery_modifier_7_desc;Your provinces has a vast number of slaves, The majority of labor is preformed by slaves.;;;;;;;;;;;;;
slavery_modifier_8_desc;Your provinces has a vast number of slaves, The majority of labor is preformed by slaves.;;;;;;;;;;;;;
slavery_modifier_9_desc;Tens of thousands of slaves dwell in your provinces, and provide the bedrock of its economies. Nearly all important labor is preformed by slaves.;;;;;;;;;;;;;
slavery_modifier_10_desc;Tens of thousands of slaves dwell in your provinces, and provide the bedrock of its economies. Nearly all important labor is preformed by slaves.;;;;;;;;;;;;;
slavery_modifier_base_desc;Base Bonus;;;;;;;;;;;;;
ca_colosseum;Small Colosseum;;;;;;;;;;;;;
ca_colosseum_2;Big Colosseum;;;;;;;;;;;;;
bg_fight_pit;A small amphiteather where epic fights attract many visitors.;;;;;;;;;;;;;
bg_colosseum;A Massive circular structure where crows gather to see spectacular fights.;;;;;;;;;;;;;
ct_colosseum;Small Colosseum;;;;;;;;;;;;;
ct_colosseum_2;Big Colosseum;;;;;;;;;;;;;
ca_unsullied_1;Unsullied Barracks 1;;;;;;;;;;;;;
ca_unsullied_2;Unsullied Barracks 2;;;;;;;;;;;;;
ca_unsullied_3;Unsullied Barracks 3;;;;;;;;;;;;;
ca_unsullied_4;Unsullied Barracks 4;;;;;;;;;;;;;
ca_unsullied_5;Unsullied Barracks 5;;;;;;;;;;;;;
ca_unsullied_6;Unsullied Barracks 6;;;;;;;;;;;;;
ca_unsullied_7;Unsullied Barracks 7;;;;;;;;;;;;;
ca_unsullied_8;Unsullied Barracks 8;;;;;;;;;;;;;
ca_unsullied_9;Unsullied Barracks 9;;;;;;;;;;;;;
ca_unsullied_10;Unsullied Barracks 10;;;;;;;;;;;;;
ct_unsu;Unsullied Legion;;;;;;;;;;;;;
EVDESCcolony50;A group of settlers has come to our colony at [From.Capital.GetName], we expect the next group to arrive in  [Root.colony_years.GetValue] Years;;;;;;;;;;;;;
OPTtimer;Colony Skill: [Root.colony_years.GetValue];;;;;;;;;;;;;
EVTTOOLTIPSLAVERYRAID;Our forces have captured §G[ROOT.slaves_captured.GetValue]§! slaves for our camps.;;;;;;;;;;;;;
